input_id,tx_hash,gas_used,gas_price,block_number,time_ms,success
proofs/receipt_groth16_9d1db710_12_02_26_23_31.bin,0x1fcc81049ba4e493772b379def5dfb39cd8539e01d3dd7e9f0d2e147dee7fb56,297020,3738703419,10248075,14285,true
proofs/receipt_groth16_9d1db710_12_02_26_23_31.bin,0x4ceed4eb1c663f048c18eb278bbc9c154fb426787e21308ed8b95798f248be2b,291420,4729463433,10248077,21170,true
proofs/receipt_groth16_9d1db710_12_02_26_23_31.bin,0x38819469b0839d1254273b95b55de37877abf6b54ab71ab6db9755e16ae1da8f,291420,5320106221,10248078,14128,true
proofs/receipt_groth16_9d1db710_12_02_26_23_31.bin,0xc4ee57ec40e47b4b817cdf1b7276fe5be87c990e160829e8d5f5982325eb78f7,291420,5984059289,10248079,14081,true
proofs/receipt_groth16_9d1db710_12_02_26_23_31.bin,0x45fa2730d14efd27f3325b87d73c187fa7dfacd031121592f19b5aec81bbca14,291420,6731455814,10248080,7027,true
proofs/receipt_groth16_9d1db710_12_02_26_23_31.bin,0x437f62a3a7845585c965a140e7fff662b8a91beef5c8371c712d03e5046c0b9f,291420,6547937019,10248081,14034,true
proofs/receipt_groth16_9d1db710_12_02_26_23_31.bin,0xb16a4cabfc2360c78f6730b7e4c4b4fac2e82f9833266219e914d1e878d8afbc,291420,6367848541,10248082,14062,true
proofs/receipt_groth16_9d1db710_12_02_26_23_31.bin,0xbfce51d5c162fade4030888bab3c5617a64028475b0d13ee9f7fc5a5e10b3372,291420,6060276064,10248083,14050,true
proofs/receipt_groth16_9d1db710_12_02_26_23_31.bin,0x1233b09e663db83a46c417471e41a92d708a7688247fc946c1440a4e6e2ceda0,291420,5776847015,10248084,7067,true
proofs/receipt_groth16_9d1db710_12_02_26_23_31.bin,0x7d5621af9e5e88bad3f3f7cf1da80ed10ab1d24b0b397c3e47214f248e4ef894,291420,5373630441,10248085,14034,true
proofs/receipt_groth16_9d1db710_12_02_26_23_31.bin,0x2cce10017a6139b18926f08b3a2321fa49fd182fa82cb4f0aeea422660236304,291420,5209285326,10248086,14059,true
proofs/receipt_groth16_9d1db710_12_02_26_23_31.bin,0xcf4ea0cb89980324c19d61209267607dda88c9bedc98d6f6a7f3de83e9c7d4df,291420,5119432333,10248087,7051,true
proofs/receipt_groth16_9d1db710_12_02_26_23_31.bin,0xe1916e7c954fe2f5e56f95756beb8bfabddf4430bf9541ccf416b21af8ca6bc6,291420,4997742580,10248088,14030,true
proofs/receipt_groth16_9d1db710_12_02_26_23_31.bin,0xf02871e13603610b2cd10c85d98c68db8c747e2faa9f94214c1e75565e367d54,291420,4676815148,10248089,28125,true
proofs/receipt_groth16_9d1db710_12_02_26_23_31.bin,0x71cbfdf01e9b2952c1bf5df09b93c1f117bca1b0363872f4f1bc3e0b8b540556,291420,4566587088,10248090,7061,true
